Workbook

Sheet Sales
A1: Emp ID | B1: Full Name | C1: First Name | D1: Last Name | E1: Dept. | F1: Sales (Rs.) | G1: Month
A2: EMP 001 | B2: Riya Sharma | C2: Riya | D2: Sharma | E2: Sales | F2: 52000 | G2: 45931
A3: EMP 002 | B3: Yash Katare | C3: Yash | D3: Katare | E3: HR | F3: 45000 | G3: 45931
A4: EMP 003 | B4: Tanishq Pradhan | C4: Tanishq | D4: Pradhan | E4: IT | F4: 48000 | G4: 45931
A5: EMP 004 | B5: Amul Dixit | C5: Amul | D5: Dixit | E5: Marketing | F5: 50000 | G5: 45931
A6: EMP 005 | B6: Sneha Yadav | C6: Sneha | D6: Yadav | E6: Sales | F6: 65000 | G6: 45931
A7: EMP 006 | B7: Kushal Singh | C7: Kushal | D7: Singh | E7: HR | F7: 40000 | G7: 45931
A8: EMP 007 | B8: Tanmay Bhatt | C8: Tanmay | D8: Bhatt | E8: IT | F8: 85000 | G8: 45931
A9: EMP 008 | B9: Samay Raina | C9: Samay | D9: Raina | E9: Marketing | F9: 59000 | G9: 45931
A10: EMP 009 | B10: Dhruv Rathee | C10: Dhruv | D10: Rathee | E10: Sales | F10: 56000 | G10: 45931
A11: EMP 010 | B11: Rahul Kumar | C11: Rahul | D11: Kumar | E11: IT | F11: 65000 | G11: 45931

Sheet Expenses
A1: Emp ID | B1: Expenses
A2: EMP 001 | B2: 5000
A3: EMP 002 | B3: 10000
A4: EMP 003 | B4: 16000
A5: EMP 004 | B5: 25000
A6: EMP 005 | B6: 21000
A7: EMP 006 | B7: 16000
A8: EMP 007 | B8: 19000
A9: EMP 008 | B9: 11000
A10: EMP 009 | B10: 5000
A11: EMP 010 | B11: 9000

Sheet Profit
A1: Emp ID | B1: Sales | C1: Expenses | D1: Profit
A2: EMP 001 | B2: =Sales!F2 -> 52000 | C2: =Expenses!B2 -> 5000 | D2: =B2-C2 -> 47000
A3: EMP 002 | B3: =Sales!F3 -> 45000 | C3: =Expenses!B3 -> 10000 | D3: =B3-C3 -> 35000
A4: EMP 003 | B4: =Sales!F4 -> 48000 | C4: =Expenses!B4 -> 16000 | D4: =B4-C4 -> 32000
A5: EMP 004 | B5: =Sales!F5 -> 50000 | C5: =Expenses!B5 -> 25000 | D5: =B5-C5 -> 25000
A6: EMP 005 | B6: =Sales!F6 -> 65000 | C6: =Expenses!B6 -> 21000 | D6: =B6-C6 -> 44000
A7: EMP 006 | B7: =Sales!F7 -> 40000 | C7: =Expenses!B7 -> 16000 | D7: =B7-C7 -> 24000
A8: EMP 007 | B8: =Sales!F8 -> 85000 | C8: =Expenses!B8 -> 19000 | D8: =B8-C8 -> 66000
A9: EMP 008 | B9: =Sales!F9 -> 59000 | C9: =Expenses!B9 -> 11000 | D9: =B9-C9 -> 48000
A10: EMP 009 | B10: =Sales!F10 -> 56000 | C10: =Expenses!B10 -> 5000 | D10: =B10-C10 -> 51000
A11: EMP 010 | B11: =Sales!F11 -> 65000 | C11: =Expenses!B11 -> 9000 | D11: =B11-C11 -> 56000
